<?xml version='1.0' encoding='UTF-8'?>
<ArchiveTransfer xmlns:xlink="http://www.w3.org/1999/xlink" xmlns:pr="info:lc/xmlns/premis-v2" xmlns="fr:gouv:culture:archivesdefrance:seda:v2.0" xmlns:xsi="http://www.w3.org/2001/XMLSchema-instance" xsi:schemaLocation="fr:gouv:culture:archivesdefrance:seda:v2.0 seda-2.0-main.xsd" xml:id="ID1">
    <Comment>Photographies des 14 juillet de la Présidence Jacques Chirac</Comment>
    <Date>2017-05-17T10:20:40</Date>
    <MessageIdentifier>20171245</MessageIdentifier>
    <ArchivalAgreement>ArchivalAgreement0</ArchivalAgreement>
    <CodeListVersions>
        <ReplyCodeListVersion>ReplyCodeListVersion0</ReplyCodeListVersion>
        <MessageDigestAlgorithmCodeListVersion>MessageDigestAlgorithmCodeListVersion0</MessageDigestAlgorithmCodeListVersion>
        <MimeTypeCodeListVersion>MimeTypeCodeListVersion0</MimeTypeCodeListVersion>
        <EncodingCodeListVersion>EncodingCodeListVersion0</EncodingCodeListVersion>
        <FileFormatCodeListVersion>FileFormatCodeListVersion0</FileFormatCodeListVersion>
        <CompressionAlgorithmCodeListVersion>CompressionAlgorithmCodeListVersion0</CompressionAlgorithmCodeListVersion>
        <DataObjectVersionCodeListVersion>DataObjectVersionCodeListVersion0</DataObjectVersionCodeListVersion>
        <StorageRuleCodeListVersion>StorageRuleCodeListVersion0</StorageRuleCodeListVersion>
        <AppraisalRuleCodeListVersion>AppraisalRuleCodeListVersion0</AppraisalRuleCodeListVersion>
        <AccessRuleCodeListVersion>AccessRuleCodeListVersion0</AccessRuleCodeListVersion>
        <DisseminationRuleCodeListVersion>DisseminationRuleCodeListVersion0</DisseminationRuleCodeListVersion>
        <ReuseRuleCodeListVersion>ReuseRuleCodeListVersion0</ReuseRuleCodeListVersion>
        <ClassificationRuleCodeListVersion>ClassificationRuleCodeListVersion0</ClassificationRuleCodeListVersion>
        <AuthorizationReasonCodeListVersion>AuthorizationReasonCodeListVersion0</AuthorizationReasonCodeListVersion>
        <RelationshipCodeListVersion>RelationshipCodeListVersion0</RelationshipCodeListVersion>
    </CodeListVersions>
    <DataObjectPackage xml:id="ID2">
        <BinaryDataObject id="ID11">
            <DataObjectGroupId>ID8</DataObjectGroupId>
            <DataObjectVersion>BinaryMaster_1</DataObjectVersion>
            <Uri>Content/ID11.JPG</Uri>
            <MessageDigest algorithm="SHA-512"
                >b6055dd18caf9e94d1b202391f9e0723cb7f0c2002d9a0b88ab84a2c248ed19f621be6838953e898a62f1632e34c20381c320efe016b5df6be9df68bf9954183</MessageDigest>
            <Size>658973</Size>
            <FormatIdentification>
                <FormatLitteral>Exchangeable Image File Format (Compressed)</FormatLitteral>
                <MimeType>image/jpeg</MimeType>
                <FormatId>x-fmt/391</FormatId>
            </FormatIdentification>
            <FileInfo>
                <Filename>chirac-poncelet.JPG</Filename>
                <LastModified>2004-02-03T11:23:40.000+01:00</LastModified>
            </FileInfo>
        </BinaryDataObject>
        <BinaryDataObject id="ID12">
            <DataObjectGroupReferenceId>ID8</DataObjectGroupReferenceId>
            <DataObjectVersion>Dissemination_1</DataObjectVersion>
            <Uri>Content/ID12.JPG</Uri>
            <MessageDigest algorithm="SHA-512"
                >b6055dd18caf9e94d1b202391f9e0723cb7f0c2002d9a0b88ab84a2c248ed19f621be6838953e898a62f1632e34c20381c320efe016b5df6be9df68bf9954183</MessageDigest>
            <Size>658973</Size>
            <FormatIdentification>
                <FormatLitteral>Exchangeable Image File Format (Compressed)</FormatLitteral>
                <MimeType>image/jpeg</MimeType>
                <FormatId>x-fmt/391</FormatId>
            </FormatIdentification>
            <FileInfo>
                <Filename>chirac-poncelet.JPG</Filename>
                <LastModified>2004-02-03T11:23:40.000+01:00</LastModified>
            </FileInfo>
        </BinaryDataObject>
        <BinaryDataObject id="ID88">
            <DataObjectGroupId>ID85</DataObjectGroupId>
            <DataObjectVersion>BinaryMaster_1</DataObjectVersion>
            <Uri>Content/ID88.JPG</Uri>
            <MessageDigest algorithm="SHA-512"
                >fd8c5b58aba9220a71a90923f5532a780a9c1cd4d48226a5e850d0f15d29c9fc1568dca6e12759b2ebacc19de1dd3151cdc0971bde0fc3b0f26c888201e233a3</MessageDigest>
            <Size>586244</Size>
            <FormatIdentification>
                <FormatLitteral>Exchangeable Image File Format (Compressed)</FormatLitteral>
                <MimeType>image/jpeg</MimeType>
                <FormatId>x-fmt/391</FormatId>
            </FormatIdentification>
            <FileInfo>
                <Filename>mandela-chirac.JPG</Filename>
                <LastModified>2004-02-03T11:24:12.000+01:00</LastModified>
            </FileInfo>
        </BinaryDataObject>
        <BinaryDataObject id="ID89">
            <DataObjectGroupReferenceId>ID85</DataObjectGroupReferenceId>
            <DataObjectVersion>Dissemination_1</DataObjectVersion>
            <Uri>Content/ID89.JPG</Uri>
            <MessageDigest algorithm="SHA-512"
                >fd8c5b58aba9220a71a90923f5532a780a9c1cd4d48226a5e850d0f15d29c9fc1568dca6e12759b2ebacc19de1dd3151cdc0971bde0fc3b0f26c888201e233a3</MessageDigest>
            <Size>586244</Size>
            <FormatIdentification>
                <FormatLitteral>Exchangeable Image File Format (Compressed)</FormatLitteral>
                <MimeType>image/jpeg</MimeType>
                <FormatId>x-fmt/391</FormatId>
            </FormatIdentification>
            <FileInfo>
                <Filename>mandela-chirac.JPG</Filename>
                <LastModified>2004-02-03T11:24:12.000+01:00</LastModified>
            </FileInfo>
        </BinaryDataObject>
        <BinaryDataObject id="ID107">
            <DataObjectGroupId>ID104</DataObjectGroupId>
            <DataObjectVersion>BinaryMaster_1</DataObjectVersion>
            <Uri>Content/ID107.JPG</Uri>
            <MessageDigest algorithm="SHA-512"
                >b93e6df7aca1e2a35a9e0f621879011d14daeb26d6374ec383268b750a8083e27b0d3eb25aad5f710d4a2562db6cadcaf22cc06828f8fbc3432c866babb93eb6</MessageDigest>
            <Size>6662477</Size>
            <FormatIdentification>
                <FormatLitteral>Exchangeable Image File Format (Compressed)</FormatLitteral>
                <MimeType>image/jpeg</MimeType>
                <FormatId>fmt/645</FormatId>
            </FormatIdentification>
            <FileInfo>
                <Filename>garde-republicaine.JPG</Filename>
                <LastModified>2007-06-08T11:00:08.000+02:00</LastModified>
            </FileInfo>
        </BinaryDataObject>
        <BinaryDataObject id="ID108">
            <DataObjectGroupReferenceId>ID104</DataObjectGroupReferenceId>
            <DataObjectVersion>Dissemination_1</DataObjectVersion>
            <Uri>Content/ID108.JPG</Uri>
            <MessageDigest algorithm="SHA-512"
                >b93e6df7aca1e2a35a9e0f621879011d14daeb26d6374ec383268b750a8083e27b0d3eb25aad5f710d4a2562db6cadcaf22cc06828f8fbc3432c866babb93eb6</MessageDigest>
            <Size>6662477</Size>
            <FormatIdentification>
                <FormatLitteral>Exchangeable Image File Format (Compressed)</FormatLitteral>
                <MimeType>image/jpeg</MimeType>
                <FormatId>fmt/645</FormatId>
            </FormatIdentification>
            <FileInfo>
                <Filename>garde-republicaine.JPG</Filename>
                <LastModified>2007-06-08T11:00:08.000+02:00</LastModified>
            </FileInfo>
        </BinaryDataObject>
        <BinaryDataObject id="ID134">
            <DataObjectGroupId>ID131</DataObjectGroupId>
            <DataObjectVersion>BinaryMaster_1</DataObjectVersion>
            <Uri>Content/ID134.JPG</Uri>
            <MessageDigest algorithm="SHA-512"
                >4346330b7e6e00b933f38a2a9df7a7012259b977bad8c3aa9c089e196c429213c809609ee1bb01835a6da5dfef036154cdd2026301a40ba4210e4a457dafe64b</MessageDigest>
            <Size>4381737</Size>
            <FormatIdentification>
                <FormatLitteral>Exchangeable Image File Format (Compressed)</FormatLitteral>
                <MimeType>image/jpeg</MimeType>
                <FormatId>fmt/645</FormatId>
            </FormatIdentification>
            <FileInfo>
                <Filename>garde-republicaine-infanterie.JPG</Filename>
                <LastModified>2007-06-08T11:17:02.000+02:00</LastModified>
            </FileInfo>
        </BinaryDataObject>
        <BinaryDataObject id="ID135">
            <DataObjectGroupReferenceId>ID131</DataObjectGroupReferenceId>
            <DataObjectVersion>Dissemination_1</DataObjectVersion>
            <Uri>Content/ID135.JPG</Uri>
            <MessageDigest algorithm="SHA-512"
                >4346330b7e6e00b933f38a2a9df7a7012259b977bad8c3aa9c089e196c429213c809609ee1bb01835a6da5dfef036154cdd2026301a40ba4210e4a457dafe64b</MessageDigest>
            <Size>4381737</Size>
            <FormatIdentification>
                <FormatLitteral>Exchangeable Image File Format (Compressed)</FormatLitteral>
                <MimeType>image/jpeg</MimeType>
                <FormatId>fmt/645</FormatId>
            </FormatIdentification>
            <FileInfo>
                <Filename>garde-republicaine-infanterie.JPG</Filename>
                <LastModified>2007-06-08T11:17:02.000+02:00</LastModified>
            </FileInfo>
        </BinaryDataObject>
        <BinaryDataObject id="ID386">
            <DataObjectGroupId>ID383</DataObjectGroupId>
            <DataObjectVersion>BinaryMaster_1</DataObjectVersion>
            <Uri>Content/ID386.JPG</Uri>
            <MessageDigest algorithm="SHA-512"
                >461071d0c6f721ca8b9aeed434811293b987e6106cb25594072b3c2cd02f8fd9bb5ecf7d75f06b609ae74f253e2fb81bc81dfc4997eefd075a1fab78a9cdb8ff</MessageDigest>
            <Size>5779643</Size>
            <FormatIdentification>
                <FormatLitteral>Exchangeable Image File Format (Compressed)</FormatLitteral>
                <MimeType>image/jpeg</MimeType>
                <FormatId>fmt/645</FormatId>
            </FormatIdentification>
            <FileInfo>
                <Filename>chirac-zuchowicz.JPG</Filename>
                <LastModified>2007-06-08T11:30:30.000+02:00</LastModified>
            </FileInfo>
        </BinaryDataObject>
        <BinaryDataObject id="ID387">
            <DataObjectGroupReferenceId>ID383</DataObjectGroupReferenceId>
            <DataObjectVersion>Dissemination_1</DataObjectVersion>
            <Uri>Content/ID387.JPG</Uri>
            <MessageDigest algorithm="SHA-512"
                >461071d0c6f721ca8b9aeed434811293b987e6106cb25594072b3c2cd02f8fd9bb5ecf7d75f06b609ae74f253e2fb81bc81dfc4997eefd075a1fab78a9cdb8ff</MessageDigest>
            <Size>5779643</Size>
            <FormatIdentification>
                <FormatLitteral>Exchangeable Image File Format (Compressed)</FormatLitteral>
                <MimeType>image/jpeg</MimeType>
                <FormatId>fmt/645</FormatId>
            </FormatIdentification>
            <FileInfo>
                <Filename>chirac-zuchowic.JPG</Filename>
                <LastModified>2007-06-08T11:30:30.000+02:00</LastModified>
            </FileInfo>
        </BinaryDataObject>
        <DescriptiveMetadata>
            <ArchiveUnit id="ID3">
				<Management>
					<UpdateOperation>
						<SystemId>aeaqaaaaaahfemcwab72aak5kcw2dxiaaaaq</SystemId>
					</UpdateOperation>
				</Management>
				<Content>
					<DescriptionLevel>RecordGrp</DescriptionLevel>
					<Title xml:lang="fr">Jacques Chirac</Title>
				</Content>
				<ArchiveUnit id="ID20">
					<ArchiveUnitRefId>ID4</ArchiveUnitRefId>
				</ArchiveUnit>
				<ArchiveUnit id="ID22">
					<ArchiveUnitRefId>ID100</ArchiveUnitRefId>
				</ArchiveUnit>
			</ArchiveUnit>
			<ArchiveUnit id="ID4">
                <Content>
                    <DescriptionLevel>RecordGrp</DescriptionLevel>
                    <Title xml:lang="fr">Célébrations du 14 juillet 2003</Title>
                    <Title xml:lang="en">Parade of the 14th of July, 2003</Title>
					<Description xml:lang="fr">Photographies des célébrations du 14 juillet 2003.
                        Présidé par Jacques Chirac, le défilé met à l'honneur un détachement de
                        l'Eurocorps. Photographies de Laurent Blevennec et de Miguel
                        Poirier.</Description>
                    <Description xml:lang="en">Photographies of the parade of the 14th of July of
                        2003 with the French President Jacques Chirac. Photographers : Laurent
                        Blevennec and Miguel Poirier.</Description>
                    <Language>FR</Language>
                    <DescriptionLanguage>FR</DescriptionLanguage>
                    <OriginatingAgency>
                        <Identifier>FRAN_NP_009915</Identifier>
                    </OriginatingAgency>
                    <SubmissionAgency>
                        <Identifier>FRAN_NP_005061</Identifier>
                    </SubmissionAgency>
                    <StartDate>2003-07-14T09:00:00.284+02:00</StartDate>
                    <EndDate>2003-07-14T20:00:00.284+02:00</EndDate>
                </Content>
                <ArchiveUnit id="ID7">
                    <ArchiveUnitRefId>ID6</ArchiveUnitRefId>
                </ArchiveUnit>
            </ArchiveUnit>
            <ArchiveUnit id="ID6">
                <Content>
                    <DescriptionLevel>RecordGrp</DescriptionLevel>
                    <Title>Défilé</Title>
                </Content>
                <ArchiveUnit id="ID10">
                    <ArchiveUnitRefId>ID9</ArchiveUnitRefId>
                </ArchiveUnit>
            </ArchiveUnit>
            <ArchiveUnit id="ID9">
                <Content>
                    <DescriptionLevel>Item</DescriptionLevel>
                    <Title>__14-juillet-2003-defile-01__</Title>
                    <TransactedDate>2004-02-03T11:23:40</TransactedDate>
                </Content>
                <DataObjectReference>
                    <DataObjectGroupReferenceId>ID8</DataObjectGroupReferenceId>
                </DataObjectReference>
            </ArchiveUnit>
            <ArchiveUnit id="ID83">
                <Content>
                    <DescriptionLevel>RecordGrp</DescriptionLevel>
                    <Title>Réception à l'Elysée et interview du président</Title>
                </Content>
                <ArchiveUnit id="ID87">
                    <ArchiveUnitRefId>ID86</ArchiveUnitRefId>
                </ArchiveUnit>
            </ArchiveUnit>
            <ArchiveUnit id="ID86">
                <Content>
                    <DescriptionLevel>Item</DescriptionLevel>
                    <Title xml:lang="fr">Le couple Chirac et Nelson Mandela</Title>
                    <Description xml:lang="fr">Monsieur Jacques Chirac et son épouse Bernadette
                        Chirac accueillant Nelson Mandela au palais de l'Elysée</Description>
                    <OriginatingAgency>
                        <Identifier>FRAN_NP_009915</Identifier>
                    </OriginatingAgency>
                    <SubmissionAgency>
                        <Identifier>FRAN_NP_005061</Identifier>
                    </SubmissionAgency>
                    <CreatedDate>2006-07-14T14:54:00.284+02:00</CreatedDate>
                </Content>
                <DataObjectReference>
                    <DataObjectGroupReferenceId>ID85</DataObjectGroupReferenceId>
                </DataObjectReference>
            </ArchiveUnit>
            <ArchiveUnit id="ID100">
                <Content>
                    <DescriptionLevel>RecordGrp</DescriptionLevel>
                    <Title xml:lang="fr">Défilé du 14 juillet 2006</Title>
                    <Title xml:lang="en">Parade of the 14th of July, 2006</Title>
                    <Description xml:lang="fr">Photographies du défilé du 14 juillet 2006. Présidé
                        par Jacques Chirac, les réservistes de la gendarmerie sont mis à l'honneur
                        et défilent pour la première fois. Photographies réalisée par Marc
                        Klein.</Description>
                    <Description xml:lang="en">Photographies of the parade of the 14th of July with
                        the French President Jacques Chirac. Photographer : Marc
                        Klein.</Description>
                    <Language>FR</Language>
                    <DescriptionLanguage>FR</DescriptionLanguage>
                    <OriginatingAgency>
                        <Identifier>FRAN_NP_009915</Identifier>
                    </OriginatingAgency>
                    <SubmissionAgency>
                        <Identifier>FRAN_NP_005061</Identifier>
                    </SubmissionAgency>
                    <StartDate>2006-07-14T09:00:00.284+02:00</StartDate>
                    <EndDate>2006-07-14T13:00:00.284+02:00</EndDate>
                </Content>
                <ArchiveUnit id="ID103">
                    <ArchiveUnitRefId>ID102</ArchiveUnitRefId>
                </ArchiveUnit>
                <ArchiveUnit id="ID130">
                    <ArchiveUnitRefId>ID129</ArchiveUnitRefId>
                </ArchiveUnit>
                <ArchiveUnit id="ID382">
                    <ArchiveUnitRefId>ID381</ArchiveUnitRefId>
                </ArchiveUnit>
            </ArchiveUnit>
            <ArchiveUnit id="ID102">
                <Content>
                    <DescriptionLevel>RecordGrp</DescriptionLevel>
                    <Title xml:lang="fr">Arrivée de Jacques Chirac sur les Champs Elysées</Title>
                    <Title xml:lang="en">Jacques Chirac's arrival on the Champs Elysées</Title>
                    <Description xml:lang="fr">Arrivée de Jacques Chirac sur les Champs Elysées
                        avant le défilé du 14 juillet 2006. </Description>
                    <Description xml:lang="en">Jacques Chirac's arrival on the Champs Elysées before
                        the parade of the 14th of July</Description>
                    <Language>FR</Language>
                    <DescriptionLanguage>FR</DescriptionLanguage>
                    <OriginatingAgency>
                        <Identifier>FRAN_NP_009915</Identifier>
                    </OriginatingAgency>
                    <SubmissionAgency>
                        <Identifier>FRAN_NP_005061</Identifier>
                    </SubmissionAgency>
                    <SentDate>2016-09-26T15:34:08.284+02:00</SentDate>
                    <ReceivedDate>2016-09-26T15:34:08.284+02:00</ReceivedDate>
                </Content>
                <ArchiveUnit id="ID106">
                    <ArchiveUnitRefId>ID105</ArchiveUnitRefId>
                </ArchiveUnit>
            </ArchiveUnit>
                <ArchiveUnit id="ID105">
                <Content>
                    <DescriptionLevel>Item</DescriptionLevel>
                    <Title xml:lang="fr">Garde Républicaine défilant sur les Champs Elysées</Title>
                    <Description xml:lang="fr">Garde Républicaine descendant les Champs-Elysées à
                        l'occasion du défilé du 14 juillet 2006.</Description>
                    <OriginatingAgency>
                        <Identifier>FRAN_NP_009915</Identifier>
                    </OriginatingAgency>
                    <SubmissionAgency>
                        <Identifier>FRAN_NP_005061</Identifier>
                    </SubmissionAgency>
                    <TransactedDate>2007-06-08T11:00:08</TransactedDate>
                </Content>
                <DataObjectReference>
                    <DataObjectGroupReferenceId>ID104</DataObjectGroupReferenceId>
                </DataObjectReference>
            </ArchiveUnit>
            <ArchiveUnit id="ID129">
                <Content>
                    <DescriptionLevel>RecordGrp</DescriptionLevel>
                    <Title xml:lang="fr">Défilé des troupes sur les Champs Elysées</Title>
                    <Title xml:lang="en">Parade of the 14th of July, Paris, France.</Title>
                    <Description xml:lang="fr">Défilé des troupes sur les Champs Elysées à
                        l'occasion du défilé du 14 juillet 2006. </Description>
                    <Description xml:lang="en">Parade of the 14th of July, Paris,
                        France</Description>
                    <Language>FR</Language>
                    <DescriptionLanguage>FR</DescriptionLanguage>
                    <OriginatingAgency>
                        <Identifier>FRAN_NP_009915</Identifier>
                    </OriginatingAgency>
                    <SubmissionAgency>
                        <Identifier>FRAN_NP_005061</Identifier>
                    </SubmissionAgency>
                    <SentDate>2016-09-26T15:34:08.284+02:00</SentDate>
                    <ReceivedDate>2016-09-26T15:34:08.284+02:00</ReceivedDate>
                </Content>
                <ArchiveUnit id="ID133">
                    <ArchiveUnitRefId>ID132</ArchiveUnitRefId>
                </ArchiveUnit>
            </ArchiveUnit>
                <ArchiveUnit id="ID132">
                <Content>
                    <DescriptionLevel>Item</DescriptionLevel>
                    <Title xml:lang="fr">2ème Régiment d'infanterie de la Garde Républicaine
                        défilant sur les Champs-Elysées</Title>
                    <Description xml:lang="fr">2ème Régiment d'infanterie de la Garde Républicaine
                        défilant sur les Champs-Elysées à l'occasion du 14 juillet
                        2006.</Description>
                    <OriginatingAgency>
                        <Identifier>FRAN_NP_009915</Identifier>
                    </OriginatingAgency>
                    <SubmissionAgency>
                        <Identifier>FRAN_NP_005061</Identifier>
                    </SubmissionAgency>
                    <TransactedDate>2007-06-08T11:17:02</TransactedDate>
                </Content>
                <DataObjectReference>
                    <DataObjectGroupReferenceId>ID131</DataObjectGroupReferenceId>
                </DataObjectReference>
            </ArchiveUnit>
            <ArchiveUnit id="ID381">
                <Content>
                    <DescriptionLevel>RecordGrp</DescriptionLevel>
                    <Title xml:lang="fr">Fin du défilé du 14 juillet</Title>
                    <Title xml:lang="en">End of the parade of the 14th of July</Title>
                    <Description xml:lang="fr">Fin du défilé du 14 juillet et départ du
                        Président.</Description>
                    <Description xml:lang="en">End of the parade of the 14th of July and leaving of
                        the French President.</Description>
                    <Language>FR</Language>
                    <DescriptionLanguage>FR</DescriptionLanguage>
                    <OriginatingAgency>
                        <Identifier>FRAN_NP_009915</Identifier>
                    </OriginatingAgency>
                    <SubmissionAgency>
                        <Identifier>FRAN_NP_005061</Identifier>
                    </SubmissionAgency>
                </Content>
                <ArchiveUnit id="ID385">
                    <ArchiveUnitRefId>ID384</ArchiveUnitRefId>
                </ArchiveUnit>
            </ArchiveUnit>
            <ArchiveUnit id="ID384">
                <Content>
                    <DescriptionLevel>Item</DescriptionLevel>
                    <Title xml:lang="fr">Jacques Chirac et Xavier de Zuchowicz</Title>
                    <Description xml:lang="fr">Jacques Chirac serrant la main de Xavier de
                        Zuchowicz, gouverneur militaire de Paris.</Description>
                    <OriginatingAgency>
                        <Identifier>FRAN_NP_009915</Identifier>
                    </OriginatingAgency>
                    <SubmissionAgency>
                        <Identifier>FRAN_NP_005061</Identifier>
                    </SubmissionAgency>
                    <TransactedDate>2007-06-08T11:30:30</TransactedDate>
                </Content>
                <DataObjectReference>
                    <DataObjectGroupReferenceId>ID383</DataObjectGroupReferenceId>
                </DataObjectReference>
            </ArchiveUnit>
            </DescriptiveMetadata>
        <ManagementMetadata>
            <AccessRule>
			<Rule>ACC-00001</Rule>
			<StartDate>2006-07-14</StartDate>
			</AccessRule>
			<OriginatingAgencyIdentifier>FRAN_NP_009915</OriginatingAgencyIdentifier>
            <SubmissionAgencyIdentifier>FRAN_NP_005061</SubmissionAgencyIdentifier>
        </ManagementMetadata>
    </DataObjectPackage>
    <ArchivalAgency>
        <Identifier>Identifier0</Identifier>
    </ArchivalAgency>
    <TransferringAgency>
        <Identifier>Identifier3</Identifier>
    </TransferringAgency>
</ArchiveTransfer>
